Word,Frequency
feel,20
view,19
look,16
see,15
easy,14
clear,13
interesting,11
like,11
place,10
good,10
picture,9
video,9
city,9
different,9
great,8
image,8
show,8
quality,7
visit,7
high,6
cool,6
move,6
able,6
option,5
fun,5
time,5
travel,5
think,5
make,5
clean,5
detail,5
give,5
resolution,5
immersive,4
idea,4
help,4
smooth,4
seem,4
zoom,4
variety,4
information,4
way,4
dubai,4
technology,3
lapse,3
attraction,3
perspective,3
building,3
day,3
detailed,3
location,3
lag,3
play,3
quick,3
control,3
visual,3
amazing,3
nice,3
camera,3
none,3
hotel,3
new,3
interest,3
navigate,3
area,3
interface,2
slow,2
beautiful,2
intuitive,2
vacation,2
pace,2
explore,2
reality,2
desert,2
site,2
color,2
movement,2
useful,2
real,2
immerse,2
click,2
room,2
icon,2
neat,2
excellent,2
helpful,2
photo,2
find,2
wide,2
destination,2
plan,2
feature,2
space,2
navigation,2
scene,2
beach,2
night,2
right,2
stay,1
lobby,1
accessible,1
cycle,1
recording,1
sharp,1
instructiveness,1
lead,1
examine,1
work,1
decent,1
viewpoint,1
point,1
event,1
realist,1
lick,1
favorite,1
skydiving,1
flexability,1
accuracy,1
pleasing,1
ride,1
graphic,1
available,1
ease,1
run,1
love,1
deep,1
responsive,1
air,1
choose,1
dirt,1
informative,1
bike,1
spot,1
freedom,1
virtual,1
jump,1
user,1
friendly,1
various,1
type,1
interaction,1
walk,1
immersion,1
many,1
stand,1
street,1
sight,1
calm,1
peaceful,1
glitche,1
usage,1
guide,1
expect,1
stunning,1
tell,1
wish,1
world,1
top,1
sensitivity,1
directional,1
prompt,1
clarity,1
pan,1
screen,1
actual,1
sea,1
viewing,1
select,1
indoor,1
outdoor,1
people,1
online,1
imagine,1
colorful,1
angle,1
enjoy,1
quiet,1
got,1
attractive,1
shot,1
sense,1
ground,1
full,1
sleek,1
bright,1
item,1
atmosphere,1
culture,1
relax,1
surround,1
water,1
perfect,1
weather,1
part,1
chance,1
crisp,1
vibrant,1
appealing,1
allow,1
speed,1
convenient,1
possible,1
choice,1
ritzy,1
glamorous,1
life,1
learn,1
museum,1
private,1
locale,1
stark,1
reactive,1
navagation,1
preview,1
overview,1
potential,1
tool,1
ability,1
person,1
leave,1
house,1
tab,1
reason,1
build,1
little,1
planet,1
concise,1
cold,1
tiny,1
tour,1
movie,1
lifelike,1
interactive,1
shift,1
maintain,1
light,1
date,1
spacious,1
realistic,1
interior,1
inside,1
enlightening,1
environment,1
know,1
architecture,1
sensation,1
experience,1
marvel,1
medium,1
