Word,Frequency
easy,14
feel,12
view,11
clear,8
like,8
see,8
quality,7
image,7
high,6
interesting,6
travel,5
great,5
option,5
different,5
think,4
zoom,4
time,4
picture,4
detail,4
able,4
give,4
smooth,4
attraction,3
move,3
information,3
area,3
interest,3
hotel,3
lapse,3
navigate,3
control,3
video,3
amazing,3
help,3
quick,3
place,3
city,3
dubai,3
cool,3
idea,3
resolution,3
interface,2
perspective,2
location,2
make,2
plan,2
navigation,2
intuitive,2
play,2
feature,2
excellent,2
show,2
day,2
lag,2
click,2
explore,2
reality,2
vacation,2
room,2
scene,2
seem,2
real,2
way,2
building,2
fun,2
beach,1
tell,1
walk,1
directional,1
screen,1
pan,1
navagation,1
clarity,1
accuracy,1
visit,1
prompt,1
good,1
sensitivity,1
photo,1
preview,1
top,1
world,1
wish,1
stunning,1
detailed,1
many,1
expect,1
guide,1
informative,1
available,1
interaction,1
graphic,1
type,1
various,1
friendly,1
user,1
jump,1
virtual,1
freedom,1
spot,1
desert,1
bike,1
dirt,1
ride,1
reactive,1
useful,1
choose,1
air,1
responsive,1
deep,1
love,1
run,1
nice,1
ease,1
helpful,1
usage,1
actual,1
glitche,1
concise,1
favorite,1
build,1
realist,1
decent,1
site,1
instructiveness,1
cycle,1
night,1
little,1
planet,1
viewpoint,1
reason,1
flexability,1
immerse,1
point,1
lead,1
icon,1
private,1
viewing,1
visual,1
skydiving,1
event,1
lick,1
tab,1
overview,1
tool,1
potential,1
recording,1
peaceful,1
calm,1
sight,1
destination,1
street,1
stand,1
variety,1
immersion,1
ability,1
house,1
pleasing,1
immersive,1
person,1
accessible,1
stay,1
lobby,1
sharp,1
examine,1
work,1
leave,1
medium,1
